run,row,col,rep,logxi,logell,value,E_final,filas,rc,segundos,status,nota
r012_c010_k1,12,10,1,1.433071,-3.527559,0.000111,0.341026,200,0,198,sospechoso,
r012_c010_k2,12,10,2,1.433071,-3.527559,0.000144,0.336546,200,0,196,sospechoso,
r012_c032_k1,12,32,1,1.433071,-2.488189,0.958533,0.013772,200,0,23768,terminado,
r012_c032_k2,12,32,2,1.433071,-2.488189,0.899709,0.030947,200,0,24885,terminado,
r012_c053_k1,12,53,1,1.433071,-1.496063,0.978738,-0.020886,200,0,2512,terminado,
r012_c053_k2,12,53,2,1.433071,-1.496063,0.89152,0.031931,200,0,2732,terminado,
r012_c074_k1,12,74,1,1.433071,-0.503937,0.87872,-0.060853,178,0,273,terminado,
r012_c074_k2,12,74,2,1.433071,-0.503937,0.849627,-0.055677,168,0,283,terminado,
r012_c096_k1,12,96,1,1.433071,0.535433,0.178654,-0.053336,39,0,16,terminado,
r012_c096_k2,12,96,2,1.433071,0.535433,0.173138,-0.035444,40,0,26,terminado,
r012_c117_k1,12,117,1,1.433071,1.527559,0.061536,-0.043275,16,0,5,terminado,
r012_c117_k2,12,117,2,1.433071,1.527559,0.058707,-0.040822,16,0,7,terminado,
r038_c010_k1,38,10,1,0.204724,-3.527559,0.422577,0.05178,85,corriendo,,en_curso,
r038_c010_k2,38,10,2,0.204724,-3.527559,0.414049,0.051968,85,corriendo,,en_curso,
r038_c032_k1,38,32,1,0.204724,-2.488189,0.993593,-0.042894,198,0,22673,terminado,
r038_c032_k2,38,32,2,0.204724,-2.488189,0.958842,0.009771,200,0,23866,terminado,
r038_c053_k1,38,53,1,0.204724,-1.496063,0.985216,-0.054328,200,0,2428,terminado,
r038_c053_k2,38,53,2,0.204724,-1.496063,0.985128,-0.04879,200,0,2456,terminado,
r038_c074_k1,38,74,1,0.204724,-0.503937,0.834126,-0.097736,167,0,249,terminado,
r038_c074_k2,38,74,2,0.204724,-0.503937,0.814374,-0.101382,161,0,247,terminado,
r038_c096_k1,38,96,1,0.204724,0.535433,0.15819,-0.10463,32,0,12,terminado,
r038_c096_k2,38,96,2,0.204724,0.535433,0.172419,-0.098034,36,0,30,terminado,
r038_c117_k1,38,117,1,0.204724,1.527559,0.053631,-0.12466,12,0,7,terminado,
r038_c117_k2,38,117,2,0.204724,1.527559,0.052848,-0.12096,11,0,6,terminado,
r064_c010_k1,64,10,1,-1.023622,-3.527559,0.414158,0.041613,86,corriendo,,en_curso,
r064_c010_k2,64,10,2,-1.023622,-3.527559,0.41823,0.041519,86,corriendo,,en_curso,
r064_c032_k1,64,32,1,-1.023622,-2.488189,0.988207,-0.095168,196,0,22490,terminado,
r064_c032_k2,64,32,2,-1.023622,-2.488189,0.987905,-0.093974,199,0,23071,terminado,
r064_c053_k1,64,53,1,-1.023622,-1.496063,0.965401,-0.109124,195,0,2432,terminado,
r064_c053_k2,64,53,2,-1.023622,-1.496063,0.970152,-0.119106,193,0,2391,terminado,
r064_c074_k1,64,74,1,-1.023622,-0.503937,0.728206,-0.139998,146,0,233,terminado,
r064_c074_k2,64,74,2,-1.023622,-0.503937,0.712483,-0.137092,143,0,230,terminado,
r064_c096_k1,64,96,1,-1.023622,0.535433,0.0,,0,0,4,terminado,corte en el primer intervalo
r064_c096_k2,64,96,2,-1.023622,0.535433,0.0,,0,0,4,terminado,corte en el primer intervalo
r064_c117_k1,64,117,1,-1.023622,1.527559,0.0,,0,0,4,terminado,corte en el primer intervalo
r064_c117_k2,64,117,2,-1.023622,1.527559,0.0,,0,0,12,terminado,corte en el primer intervalo
r089_c010_k1,89,10,1,-2.204724,-3.527559,0.420406,-0.045085,85,corriendo,,en_curso,
r089_c010_k2,89,10,2,-2.204724,-3.527559,0.422622,-0.045073,85,corriendo,,en_curso,
r089_c032_k1,89,32,1,-2.204724,-2.488189,0.912484,-0.137433,183,0,22839,terminado,
r089_c032_k2,89,32,2,-2.204724,-2.488189,0.902399,-0.132396,181,0,22768,terminado,
r089_c053_k1,89,53,1,-2.204724,-1.496063,0.0,,0,0,3,terminado,corte en el primer intervalo
r089_c053_k2,89,53,2,-2.204724,-1.496063,0.0,,0,0,15,terminado,corte en el primer intervalo
r089_c074_k1,89,74,1,-2.204724,-0.503937,0.0,,0,0,3,terminado,corte en el primer intervalo
r089_c074_k2,89,74,2,-2.204724,-0.503937,0.0,,0,0,15,terminado,corte en el primer intervalo
r089_c096_k1,89,96,1,-2.204724,0.535433,0.0,,0,0,4,terminado,corte en el primer intervalo
r089_c096_k2,89,96,2,-2.204724,0.535433,0.0,,0,0,13,terminado,corte en el primer intervalo
r089_c117_k1,89,117,1,-2.204724,1.527559,0.0,,0,0,3,terminado,corte en el primer intervalo
r089_c117_k2,89,117,2,-2.204724,1.527559,0.0,,0,0,12,terminado,corte en el primer intervalo
r115_c010_k1,115,10,1,-3.433071,-3.527559,0.0,,0,0,3,terminado,corte en el primer intervalo
r115_c010_k2,115,10,2,-3.433071,-3.527559,0.0,,0,0,10,terminado,corte en el primer intervalo
r115_c032_k1,115,32,1,-3.433071,-2.488189,0.0,,0,0,4,terminado,corte en el primer intervalo
r115_c032_k2,115,32,2,-3.433071,-2.488189,0.0,,0,0,8,terminado,corte en el primer intervalo
r115_c053_k1,115,53,1,-3.433071,-1.496063,0.0,,0,0,4,terminado,corte en el primer intervalo
r115_c053_k2,115,53,2,-3.433071,-1.496063,0.0,,0,0,10,terminado,corte en el primer intervalo
r115_c074_k1,115,74,1,-3.433071,-0.503937,0.0,,0,0,3,terminado,corte en el primer intervalo
r115_c074_k2,115,74,2,-3.433071,-0.503937,0.0,,0,0,7,terminado,corte en el primer intervalo
r115_c096_k1,115,96,1,-3.433071,0.535433,0.0,,0,0,3,terminado,corte en el primer intervalo
r115_c096_k2,115,96,2,-3.433071,0.535433,0.0,,0,0,5,terminado,corte en el primer intervalo
r115_c117_k1,115,117,1,-3.433071,1.527559,0.0,,0,0,4,terminado,corte en el primer intervalo
r115_c117_k2,115,117,2,-3.433071,1.527559,0.0,,0,0,4,terminado,corte en el primer intervalo
