row,col,logxi,logell,value,std,n_term,n_runs,status
12,10,1.433071,-3.527559,,,0,2,sospechoso
12,32,1.433071,-2.488189,0.929121,0.04159484929651747,2,2,terminado
12,53,1.433071,-1.496063,0.935129,0.061672439241528314,2,2,terminado
12,74,1.433071,-0.503937,0.8641734999999999,0.020571857585060173,2,2,terminado
12,96,1.433071,0.535433,0.175896,0.0039004010050250107,2,2,terminado
12,117,1.433071,1.527559,0.0601215,0.0020004050839767416,2,2,terminado
38,10,0.204724,-3.527559,,,0,2,en_curso
38,32,0.204724,-2.488189,0.9762175,0.024572667753013696,2,2,terminado
38,53,0.204724,-1.496063,0.9851719999999999,6.222539674439991e-05,2,2,terminado
38,74,0.204724,-0.503937,0.82425,0.01396677314199668,2,2,terminado
38,96,0.204724,0.535433,0.1653045,0.01006142238950338,2,2,terminado
38,117,0.204724,1.527559,0.053239499999999995,0.0005536646096690659,2,2,terminado
64,10,-1.023622,-3.527559,,,0,2,en_curso
64,32,-1.023622,-2.488189,0.988056,0.00021354624791827616,2,2,terminado
64,53,-1.023622,-1.496063,0.9677765,0.00335946431741733,2,2,terminado
64,74,-1.023622,-0.503937,0.7203444999999999,0.011117839920596116,2,2,terminado
64,96,-1.023622,0.535433,0.0,0.0,2,2,terminado
64,117,-1.023622,1.527559,0.0,0.0,2,2,terminado
89,10,-2.204724,-3.527559,,,0,2,en_curso
89,32,-2.204724,-2.488189,0.9074415,0.007131171888266339,2,2,terminado
89,53,-2.204724,-1.496063,0.0,0.0,2,2,terminado
89,74,-2.204724,-0.503937,0.0,0.0,2,2,terminado
89,96,-2.204724,0.535433,0.0,0.0,2,2,terminado
89,117,-2.204724,1.527559,0.0,0.0,2,2,terminado
115,10,-3.433071,-3.527559,0.0,0.0,2,2,terminado
115,32,-3.433071,-2.488189,0.0,0.0,2,2,terminado
115,53,-3.433071,-1.496063,0.0,0.0,2,2,terminado
115,74,-3.433071,-0.503937,0.0,0.0,2,2,terminado
115,96,-3.433071,0.535433,0.0,0.0,2,2,terminado
115,117,-3.433071,1.527559,0.0,0.0,2,2,terminado
