g,row,col,logxi,logell,value,std,n_term,n_runs,status
-4.0,11,110,1.480315,1.19685,0.0758665,0.001950907609293683,2,2,terminado
-4.0,22,104,0.96063,0.913386,0.10597999999999999,0.004443459012976263,2,2,terminado
-4.0,32,41,0.488189,-2.062992,0.991714,0.0012204663043279848,2,2,terminado
-4.0,32,78,0.488189,-0.314961,0.678038,0.0016970562748476843,2,2,terminado
-4.0,35,104,0.346457,0.913386,0.1010875,0.0020499025586598004,2,2,terminado
-4.0,48,39,-0.267717,-2.15748,0.9896935,0.0028192347365907384,2,2,terminado
-4.0,48,87,-0.267717,0.110236,0.32406199999999996,0.00073256262530925,2,2,terminado
-4.0,54,62,-0.551181,-1.070866,0.9633645,0.0021715249250238416,2,2,terminado
-4.0,67,82,-1.165354,-0.125984,0.350543,0.00440810367391691,2,2,terminado
-4.0,68,45,-1.212598,-1.874016,0.972614,0.0022047589437396227,2,2,terminado
