row,col,logxi,logell,xi,ell
12,10,1.433071,-3.527559,27.1063,0.000296784
12,32,1.433071,-2.488189,27.1063,0.00324946
12,53,1.433071,-1.496063,27.1063,0.0319107
12,74,1.433071,-0.503937,27.1063,0.313374
12,96,1.433071,0.535433,27.1063,3.4311
12,117,1.433071,1.527559,27.1063,33.6945
38,10,0.204724,-3.527559,1.60223,0.000296784
38,32,0.204724,-2.488189,1.60223,0.00324946
38,53,0.204724,-1.496063,1.60223,0.0319107
38,74,0.204724,-0.503937,1.60223,0.313374
38,96,0.204724,0.535433,1.60223,3.4311
38,117,0.204724,1.527559,1.60223,33.6945
64,10,-1.023622,-3.527559,0.0947061,0.000296784
64,32,-1.023622,-2.488189,0.0947061,0.00324946
64,53,-1.023622,-1.496063,0.0947061,0.0319107
64,74,-1.023622,-0.503937,0.0947061,0.313374
64,96,-1.023622,0.535433,0.0947061,3.4311
64,117,-1.023622,1.527559,0.0947061,33.6945
89,10,-2.204724,-3.527559,0.00624131,0.000296784
89,32,-2.204724,-2.488189,0.00624131,0.00324946
89,53,-2.204724,-1.496063,0.00624131,0.0319107
89,74,-2.204724,-0.503937,0.00624131,0.313374
89,96,-2.204724,0.535433,0.00624131,3.4311
89,117,-2.204724,1.527559,0.00624131,33.6945
115,10,-3.433071,-3.527559,0.000368917,0.000296784
115,32,-3.433071,-2.488189,0.000368917,0.00324946
115,53,-3.433071,-1.496063,0.000368917,0.0319107
115,74,-3.433071,-0.503937,0.000368917,0.313374
115,96,-3.433071,0.535433,0.000368917,3.4311
115,117,-3.433071,1.527559,0.000368917,33.6945
